CODINST,NOMBREINSTITUCION,CODIGOMUNICIPIO,NOMBREMUNICIPIO,DEPARTAMENTO,CALENDARIO,NATURALEZA,JORNADA,EVALUADOS,PROMLECTURACRITICA,PROMMATEMATICA,PROMSOCIALESYCIUDADANAS,PROMCIENCIASNATURALES,PROMINGLES,PROMRAZONAMIENTOCUANTITA,PROMCOMPETENCIASCIUDADAN,DESVLECTURACRITICA,DESVMATEMATICA,DESVSOCIALESYCIUDADANAS,DESVCIENCIASNATURALES,DESVINGLES,DESVRAZONAMIENTOCUANTITA,DESVCOMPETENCIASCIUDADAN,PERIODO
007682,I.E. GUILLERMO LEON VALENCIA - SEDE PRINCIPAL,20011,AGUACHICA,CESAR,A,OFICIAL,MAÑANA,89,"52,87","55,36","53,62","53,69","51,67","57,25","53,93","7,37",10,"9,13","8,4","9,4","11,13","8,81",20152
007716,INS.JOSE MARIA CAMPO SERRANO,20011,AGUACHICA,CESAR,A,OFICIAL,MAÑANA,79,"49,37","49,85","49,11","49,87","48,85","51,28","48,92","8,75","8,29","9,95","7,8","7,96","9,87","9,24",20152
007724,INS.JOSE MARIA CAMPO SERRANO,20011,AGUACHICA,CESAR,A,OFICIAL,TARDE,78,"46,58","48,49","45,49","47,67","44,42","49,54","45,91","7,35","8,6","9,75","6,55","6,26","10,24","8,53",20152
038216,I.E. GUILLERMO LEON VALENCIA - SEDE PRINCIPAL,20011,AGUACHICA,CESAR,A,OFICIAL,TARDE,78,"51,49","53,17","51,86","51,32","52,05","54,41","51,64","8,61","10,04","8,56","9,16","8,72","11,61","8,97",20152
040618,INST. EDU. NUESTRA SE¥ORA DEL CARMEN,20011,AGUACHICA,CESAR,A,OFICIAL,MAÑANA,90,"48,03","49,68","49,63","48,61","48,37","51,18","49,09","7,1","9,67","9,33","7,01","7,63","11,13","8,9",20152
051656,COLEGIO TERESIANO REINA DEL CARMELO,20011,AGUACHICA,CESAR,A,NO OFICIAL,TARDE,40,"56,55","59,88","59,18","57,4","58,63","61,85","56,85","8,16","12,79","10,71","11,3","13,31","14,79","8,01",20152
057752,I.E. LAUREANO GOMEZ CASTRO - SEDE PRINCIPAL,20011,AGUACHICA,CESAR,A,OFICIAL,TARDE,18,"45,78",41,"42,83","45,17","44,17","43,06","42,5","3,87","6,12","5,42","5,32",6,"7,55","6,15",20152
057760,INSTITUTO AGUACHICA,20011,AGUACHICA,CESAR,A,NO OFICIAL,TARDE,4,"40,5","41,25","42,75","45,25","40,25","43,75","42,75","2,08","11,64","9,74","3,77","2,87","9,98","10,4",20152
079517,LICEO HUMANISTA DE AGUACHICA,20011,AGUACHICA,CESAR,A,NO OFICIAL,NOCHE,54,"44,48","42,78","43,33","44,5","45,7","43,98","43,52","7,07","8,31","8,75","6,92","7,18","9,93","8,3",20152
086108,I.E. LAUREANO GOMEZ CASTRO - SEDE PRINCIPAL,20011,AGUACHICA,CESAR,A,OFICIAL,MAÑANA,57,"50,74","52,54","51,79","52,51","46,61","53,56","51,35","6,96","7,93","8,84","7,76","5,78","9,26","8,27",20152
107086,INST. EDU. NUESTRA SE¥ORA DEL CARMEN,20011,AGUACHICA,CESAR,A,OFICIAL,TARDE,68,"46,65","46,72","46,04","47,5","44,79","47,62","46,25","6,87","8,82","8,73","7,16","5,53","9,75","7,97",20152
119297,LICEO HUMANISTA DE AGUACHICA,20011,AGUACHICA,CESAR,A,NO OFICIAL,TARDE,8,"49,25","50,5","45,63","51,88","55,13","52,63","43,88","6,8","7,98","9,3","9,79","17,67","7,98","9,13",20152
128249,INSTITUTO FRANCISCO JOSE DE CALDAS,20011,AGUACHICA,CESAR,A,NO OFICIAL,MAÑANA,12,"53,25","57,58","57,5","56,17","54,42","59,92","54,17","7,76","6,63","10,04",8,"14,96","8,99","8,24",20152
134221,INST. EDU. SAN MIGUEL,20011,AGUACHICA,CESAR,A,OFICIAL,TARDE,26,45,"46,92","44,46","45,65","44,31","46,85","44,04","7,27","6,62","7,22","7,27","5,17","8,75","7,17",20152
134577,I.E. GUILLERMO LEON VALENCIA DE BARRANCA LEBRIJA - SEDE PRINCIPAL,20011,AGUACHICA,CESAR,A,OFICIAL,MAÑANA,12,"44,17","42,5","43,83","42,67","43,75","41,83","43,08","4,67","6,37","8,97","6,88","5,88","8,62","8,47",20152
134908,INST. BAS. COMERCIAL SANTA TERESA (PATI¥O),20011,AGUACHICA,CESAR,A,OFICIAL,MAÑANA,9,"44,22",40,"45,22","44,78","46,56","39,78","43,78","5,43","10,31","8,01","7,07","6,23","10,65","8,66",20152
138768,I.E. VILLA DE SAN ANDRES - SEDE PRINCIPAL,20011,AGUACHICA,CESAR,A,OFICIAL,MAÑANA,18,"47,78",45,"46,28","47,39","45,39","44,78","46,28","7,32","10,44","7,1","7,47","5,08","11,84","6,6",20152
139535,COLEGIO JORGE ELIECER GAIT¿N,20011,AGUACHICA,CESAR,A,OFICIAL,MAÑANA,60,"47,35","46,47","45,73","45,3","46,08","47,05","45,52","7,56","8,79","8,67","7,47","6,99","11,13","7,19",20152
143503,CORPORACION DE EDUCACION TECNICA DEL ORIENTE - SEDE PRINCIPAL,20011,AGUACHICA,CESAR,A,NO OFICIAL,SABATINA - DOMINICAL,100,"42,17","41,45","39,6","40,66","43,65","41,38","40,85","8,73","7,62","9,92","7,75","5,98","9,28","8,83",20152
147728,COLEGIO JORGE ELIECER GAIT¿N,20011,AGUACHICA,CESAR,A,OFICIAL,TARDE,32,"44,91","46,06","44,72","45,31","46,47","45,59","44,84","7,87","11,7","10,84","8,03","6,53","12,36","9,5",20152
148387,INS. EDU. LA UNION,20011,AGUACHICA,CESAR,A,OFICIAL,MAÑANA,36,"46,14","42,89","45,08","45,06","46,19","43,33","46,31","6,7","7,61","8,75","6,61","7,32","8,88","8,49",20152
160630,LICEO DEL SUR - SEDE PRINCIPAL,20011,AGUACHICA,CESAR,A,NO OFICIAL,SABATINA - DOMINICAL,46,"40,67","37,76","37,89","39,43","43,24","39,3","39,67","5,93","9,06","6,93","6,69","8,37","10,21","7,1",20152
166827,COLEGIO BILINGUE LOS ANGELES,20011,AGUACHICA,CESAR,A,NO OFICIAL,MAÑANA,7,54,60,"57,43","57,86","72,14",64,"55,86","9,38","7,83","11,31","8,11","14,05","11,63","9,21",20152
174813,INST. EDU. SAN MIGUEL,20011,AGUACHICA,CESAR,A,OFICIAL,MAÑANA,29,"47,48","43,66","46,72","45,83","44,69","44,62","46,79","7,35","8,66","7,11","5,9","6,38","8,57","6,52",20152
186445,INST. EDU. SAGRADO CORAZ¿N,20011,AGUACHICA,CESAR,A,OFICIAL,MAÑANA,25,"46,6","44,76","48,12","43,88","45,16","44,92","46,52","6,08","5,34","7,58","7,46","5,83","6,7","7,62",20152
007773,INST. EDU. NAL. AGUSTIN CODAZZI,20013,AGUSTIN CODAZZI,CESAR,A,OFICIAL,MAÑANA,121,"49,16","50,46","49,89","49,91","49,25","51,95","49,54","8,41","11,78","9,47","8,83","7,86","13,57","8,9",20152
007781,INST. EDU. NAL. AGUSTIN CODAZZI,20013,AGUSTIN CODAZZI,CESAR,A,OFICIAL,TARDE,59,"48,68","50,76",50,"49,68","47,49","52,42","49,86","6,92","12,18","9,03","8,3","8,22","13,76","8,83",20152
007799,INST. EDU. NAL. AGUSTIN CODAZZI,20013,AGUSTIN CODAZZI,CESAR,A,OFICIAL,NOCHE,12,"42,92","44,42","39,75","42,42","45,25","43,83","40,75","5,92","8,28","8,99","6,57","4,35","9,27","9,47",20152
031211,COLEGIO COOPERATIVO EL BUEN PASTOR,20013,AGUSTIN CODAZZI,CESAR,A,NO OFICIAL,TARDE,18,"49,39","47,56","46,67","48,78","50,28","46,5","47,22","9,16","11,55","8,16","8,15","8,55","14,84","7,6",20152
044222,INST. EDU. LUIS GIRALDO,20013,AGUSTIN CODAZZI,CESAR,A,OFICIAL,MAÑANA,39,"47,36","45,56","47,15","46,54","46,59","46,05","46,95","7,76","8,84","8,36","6,57","5,91","10,22","8,72",20152
060152,LICEO JOSE MARIA CORDOBA,20013,AGUSTIN CODAZZI,CESAR,A,NO OFICIAL,MAÑANA,14,"48,71","48,5","45,64","47,79","48,64","49,57","45,07","8,23","5,95","8,8","6,7","8,8","6,56","6,8",20152
068072,COLEGIO EL CORAZON DE MARIA,20013,AGUSTIN CODAZZI,CESAR,A,NO OFICIAL,MAÑANA,9,47,"46,11","48,89","49,11","43,67","46,33","48,67","5,68","8,52","7,83","6,81","5,1","9,77","7,98",20152
081604,INST. EDU. ANTONIO GALO LAFAURIE CELEDÀN,20013,AGUSTIN CODAZZI,CESAR,A,OFICIAL,MAÑANA,22,"46,91","48,45","46,23","46,77","47,23","47,95","46,73","7,12","9,55","7,69","6,72","7,73","11,05","7,04",20152
107862,I.E. GABRIEL GARCIA MARQUEZ - SEDE PRINCIPAL,20013,AGUSTIN CODAZZI,CESAR,A,NO OFICIAL,SABATINA - DOMINICAL,53,"41,4","39,77","35,72","40,21","44,85","39,58","37,83","5,52","7,73","8,23","6,09","5,43","9,99","7,35",20152
108035,INST. EDU. FRANCISCO DE PAULA SANTANDER,20013,AGUSTIN CODAZZI,CESAR,A,OFICIAL,TARDE,44,"46,8","45,52","45,36","46,05","45,73","45,41","45,52","7,96","9,37","10,23","7,62","6,21","9,3","9,47",20152
108043,INST. EDU. FRANCISCO DE PAULA SANTANDER,20013,AGUSTIN CODAZZI,CESAR,A,OFICIAL,MAÑANA,55,"46,27","47,16","45,62","46,69","45,6","48,55","45,67","7,39","9,11","9,33","7,63","6,15","11,25","8,52",20152
115584,INST. EDU. LAS FLORES,20013,AGUSTIN CODAZZI,CESAR,A,OFICIAL,MAÑANA,34,"52,53","52,32","52,68","51,26","47,74","54,74","52,44","7,56","10,5","9,85","8,73","5,79","12,59","8,96",20152
124164,INST. EDU. LAS FLORES,20013,AGUSTIN CODAZZI,CESAR,A,OFICIAL,TARDE,33,"49,7","46,94","49,45","47,61","45,85","47,06","48,21","7,48","11,22","10,07","8,27","6,97","12,65","9,75",20152
128009,COLEGIO NUESTRA SE¾ORA DE LAS FLORES,20013,AGUSTIN CODAZZI,CESAR,A,NO OFICIAL,MAÑANA,9,53,"64,56","53,11","58,33","46,44","67,22",51,"5,59","10,98","4,4","10,57","7,33","12,91","4,18",20152
175315,CENTRO PEDAGOGICO ESTUDIANTIL - SEDE PRINCIPAL,20013,AGUSTIN CODAZZI,CESAR,A,NO OFICIAL,SABATINA - DOMINICAL,81,"41,09","38,86","37,98","39,53","43,36","38,36","39,42","6,13","8,28","8,25","7,62","6,4","10,3","7,18",20152
175554,I.E. SIMON BOLIVAR - SEDE PRINCIPAL,20013,AGUSTIN CODAZZI,CESAR,A,OFICIAL,MAÑANA,7,"47,86","42,71","49,86","44,57","43,71",42,"46,14","8,53","11,01","6,41","6,05","8,96","12,77","5,05",20152
188664,I. E. SAN RAMON - SEDE PRINCIPAL,20013,AGUSTIN CODAZZI,CESAR,A,OFICIAL,TARDE,16,"43,38","43,19","45,06","44,69","44,69","42,88","45,25","7,84","7,91","8,17","5,13","5,56","8,18","7,05",20152
197202,C.E. SIETE DE AGOSTO,20013,AGUSTIN CODAZZI,CESAR,A,OFICIAL,MAÑANA,9,"47,33","48,44","43,56","49,44","44,56","49,33","44,11","7,62","5,68","10,84","5,7","3,94","7,6","9,83",20152
049619,INST. EDU. ALVARO ARAUJO NOGUERA,20032,ASTREA,CESAR,A,OFICIAL,MAÑANA,67,"49,3","49,9","50,96","50,3","45,96","50,61","50,52",7,"6,98","8,77","6,93","6,16","8,03","7,62",20152
062000,INST. EDU. ALVARO ARAUJO NOGUERA,20032,ASTREA,CESAR,A,OFICIAL,TARDE,25,"46,8",49,"45,8","48,44","43,96","50,04","47,76","5,07","6,58","6,76","6,92","4,98","7,14","6,58",20152
064428,INST. EDU. LUIS CARLOS GALAN SARMIENTO,20032,ASTREA,CESAR,A,OFICIAL,MAÑANA,47,"45,55","46,11","46,77","46,04","44,83","47,6","46,43","6,34","9,47","9,33","7,74",6,"10,15","7,77",20152
081661,INST. EDU. ALVARO ARAUJO NOGUERA,20032,ASTREA,CESAR,A,OFICIAL,NOCHE,61,"40,43","39,62","38,11","41,3","42,44","38,25","38,77","8,14","9,25","8,71","7,23","4,38","10,46","8,17",20152
155523,C.E.. EZEQUIEL MONTERO - SEDE PRINCIPAL,20032,ASTREA,CESAR,A,OFICIAL,MAÑANA,24,"43,75","41,17","43,13","42,63","42,71","40,79","42,42","5,82","6,01","7,21","5,95","5,44","6,89",7,20152
175851,I. E. LA CANDELARIA,20032,ASTREA,CESAR,A,OFICIAL,MAÑANA,18,"42,06","41,06","39,56","42,11","40,39","40,39","39,94","6,75","6,68","7,49","5,37","11,48","6,96","6,66",20152
036301,INST. EDU. ANGELA MARIA TORRES SUAREZ,20045,BECERRIL,CESAR,A,OFICIAL,MAÑANA,88,"47,83","50,78","49,65","48,67","47,44","49,97","48,3","6,94","9,33","7,37","7,35","5,71","10,16","8,02",20152
057307,INST. EDU. ANGELA MARIA TORRES SUAREZ,20045,BECERRIL,CESAR,A,OFICIAL,NOCHE,23,"41,13","43,35","41,83","44,3","42,91","43,7","41,52","6,37","5,42","7,81","5,9","3,57","6,73","7,15",20152
115766,INST. EDU. TRUJILLO,20045,BECERRIL,CESAR,A,OFICIAL,MAÑANA,57,"46,53","51,19","45,44","46,18","45,53","50,33",44,"8,06","10,45","8,13","7,24","5,8","10,63","7,59",20152
038224,INSTITUCION EDUCATIVA ELOY QUINTERO ARAUJO,20060,BOSCONIA,CESAR,A,OFICIAL,MAÑANA,131,"47,75","47,62","48,52","46,89","47,73","48,34","48,1","8,44","9,64","10,47","8,13","7,6","10,85","9,78",20152
060160,INSTITUCION EDUCATIVA ELOY QUINTERO ARAUJO,20060,BOSCONIA,CESAR,A,OFICIAL,NOCHE,59,"39,76","39,05","38,08","40,46","42,53","39,02","39,59","7,26","8,96","8,58","7,51","6,52","8,77","7,95",20152
060178,INSTITUCION EDUCATIVA ELOY QUINTERO ARAUJO,20060,BOSCONIA,CESAR,A,OFICIAL,TARDE,71,"46,01","45,03","45,34","45,92","45,23","45,34","45,46","7,77","7,16","8,51","6,11","5,07","8,57","8,45",20152
096834,I.E. CARLOS RESTREPO ARAUJO - SEDE PRINCIPAL,20060,BOSCONIA,CESAR,A,OFICIAL,TARDE,104,"44,83","44,63","44,93","43,57","44,4","45,34","44,87","7,01","8,89","10,24","7,72","5,69","9,55","9,63",20152
112557,INSTITUTO NUEVA ESPERANZA,20060,BOSCONIA,CESAR,A,NO OFICIAL,SABATINA - DOMINICAL,31,"43,52","41,1","39,19","41,16","42,71","41,87","39,58","6,62","8,48","8,29","6,22","5,39","10,71","7,55",20152
167486,I. E. NUESTRA SEÑORA DEL CARMEN - SEDE PRINCIPAL,20060,BOSCONIA,CESAR,A,OFICIAL,MAÑANA,9,"50,22","52,33","56,56","52,22","51,33",52,"55,33","10,51","6,91","11,22","6,7","7,48","7,26","9,45",20152
007740,INST. EDU. CERVELEÀN PADILLA,20175,CHIMICHAGUA,CESAR,A,OFICIAL,MAÑANA,102,"47,12","47,11","47,8","48,1","45,77","47,91","46,97","7,38","8,68","9,32","6,34","6,64","10,44","9,36",20152
032565,INST. EDU. SANTA TERESITA,20175,CHIMICHAGUA,CESAR,A,OFICIAL,NOCHE,38,"40,63","37,42","39,29","39,92","41,55","37,97","40,32","5,8","6,53","6,96","5,69","4,27","7,92","7,56",20152
061770,I.E. CAMILO NAMEN FRAYJA - SEDE PRINCIPAL,20175,CHIMICHAGUA,CESAR,A,OFICIAL,MAÑANA,46,"44,91","44,04","44,35","46,72","45,74","45,22","44,87","7,25","9,38","8,85","6,28","6,83","10,39","7,82",20152
077040,SEDE MARIA RAFOLS,20175,CHIMICHAGUA,CESAR,A,OFICIAL,TARDE,56,"49,13","49,79","49,11","47,77","46,57","50,25",48,"7,78","9,96","8,65","8,47","6,33","11,8","7,44",20152
077073,I.E. SAMUEL ARRIETA MOLINA,20175,CHIMICHAGUA,CESAR,A,OFICIAL,MAÑANA,29,"44,1","42,28","41,76","41,86","44,34","42,45","41,66","6,28","6,13","8,46","7,33","6,01","7,11","8,56",20152
086140,INST. EDU. LORENZA BUSTAMANTE,20175,CHIMICHAGUA,CESAR,A,OFICIAL,MAÑANA,48,"47,15","47,29","47,04","47,52","45,77","47,52","46,88","8,17","8,64","9,51","8,52","5,65","9,82","8,53",20152
096818,INST. EDU. SANTA TERESITA,20175,CHIMICHAGUA,CESAR,A,OFICIAL,TARDE,20,"43,95","47,2",46,"47,95","46,4","48,9","45,1","5,02","8,54","7,77","6,7","5,93","8,86","7,61",20152
154757,INST. EDU. FRANCISCO DE PAULA SANTANDER,20175,CHIMICHAGUA,CESAR,A,OFICIAL,TARDE,25,46,"44,32","44,2","45,76","45,4","46,16","44,4","5,19","8,27","8,17","6,62","8,64","9,72","7,32",20152
167148,I. E. LA MATA,20175,CHIMICHAGUA,CESAR,A,OFICIAL,TARDE,14,"47,86","44,07","44,21","44,14",46,"44,36","43,79","7,86","8,81","10,61","8,94","5,72","10,34","8,34",20152
167163,I.E. LAS VEGAS - SEDE PRINCIPAL,20175,CHIMICHAGUA,CESAR,A,OFICIAL,MAÑANA,20,"43,25","40,4","42,75","43,6","42,15",42,"41,85","6,97","8,86","9,86","7,33","5,21","8,96","10,93",20152
167171,I. E. SAN JOSE - SEDE PRINCIPAL,20175,CHIMICHAGUA,CESAR,A,OFICIAL,MAÑANA,19,"43,63","44,16","43,63","43,37","42,68","44,47","42,05",4,"7,24","6,69","4,39","5,19","7,83","4,86",20152
173427,I.E. PALMAR CAÑO HONDO - SEDE PRINCIPAL,20175,CHIMICHAGUA,CESAR,A,OFICIAL,MAÑANA,31,"40,23","41,29","43,65","43,65","41,23","40,13","42,94","7,02","7,94","9,97","5,67","4,18","9,35","8,55",20152
173476,I. E. BET-EL - SEDE PRINCIPAL,20175,CHIMICHAGUA,CESAR,A,OFICIAL,MAÑANA,6,"44,17","53,33","46,33",48,"42,33","50,5",46,"5,46","9,24","6,44","6,39","5,35","14,42","6,42",20152
173716,CODEFALDI,20175,CHIMICHAGUA,CESAR,A,NO OFICIAL,SABATINA - DOMINICAL,38,"39,76","37,76","36,76","38,16","44,66","35,5",37,"6,14","5,65","4,69","6,24","4,26","7,98","5,71",20152
173724,I.E. CAMILO NAMEN FRAYJA - SEDE PRINCIPAL,20175,CHIMICHAGUA,CESAR,A,OFICIAL,NOCHE,1,40,34,28,39,55,37,33,0,0,0,0,0,0,0,20152
174565,I. E. BUENOS AIRES - SEDE PRINCIPAL,20175,CHIMICHAGUA,CESAR,A,OFICIAL,MAÑANA,5,"40,8","48,4","40,8","41,8","40,6","49,6",42,"4,82","4,34","6,53","2,95","1,82","4,04","4,95",20152
007757,INST. EDU. JUAN MEJIA GOMEZ,20178,CHIRIGUANA,CESAR,A,OFICIAL,MAÑANA,77,"47,55","49,48","50,27","49,25","49,81","50,51","49,58","8,23","10,39","8,85","8,48","7,15","12,19","8,74",20152
007765,INST. EDU. JUAN MEJIA GOMEZ,20178,CHIRIGUANA,CESAR,A,OFICIAL,TARDE,51,"43,24","47,27","40,82","44,18","45,18","48,39","40,76","7,6","8,5","8,46","6,12","5,89","9,54","7,55",20152
040626,INST. EDU. NZADO. MANUEL GERMAN CUELLO,20178,CHIRIGUANA,CESAR,A,OFICIAL,MAÑANA,29,"46,17","47,24","45,34","43,14",45,"48,86","45,31","6,9","8,7","8,86","6,9","6,26","9,8","7,83",20152
064477,INST. EDU. JUAN MEJIA GOMEZ,20178,CHIRIGUANA,CESAR,A,OFICIAL,NOCHE,3,42,42,"38,33","45,33","42,67",43,"41,33","3,61","6,24","2,52","3,06","6,66","7,21","3,21",20152
071613,INST. EDU. SANTA RITA,20178,CHIRIGUANA,CESAR,A,OFICIAL,MAÑANA,36,"44,97","41,56","41,69","43,42","44,61","41,83","41,92","5,8","7,11","7,9","7,4","4,89","9,09","6,22",20152
071654,I.E. AGROP. LUIS FELIPE CENTENO - SEDE PRINCIPAL,20178,CHIRIGUANA,CESAR,A,OFICIAL,COMPLETA U ORDINARIA,14,"48,43","49,07","46,5","46,5","45,36","50,71","45,14","6,71","8,31","9,19","6,07","5,51","10,69","8,38",20152
138453,COLEGIO LUIS ALEJANDRO ALVAREZ VANSTRAHLEN - SEDE PRINCIPAL,20178,CHIRIGUANA,CESAR,A,NO OFICIAL,SABATINA - DOMINICAL,1,52,49,38,41,49,51,37,0,0,0,0,0,0,0,20152
145094,INST. EDU.  RAFAEL ARGOTE,20178,CHIRIGUANA,CESAR,A,OFICIAL,MAÑANA,33,"42,94","41,7","43,24","44,61","42,94","41,82","42,91","6,74","8,97","9,62","8,06","4,78","10,63","8,95",20152
172551,I. E. LA AURORA - SEDE PRINCIPAL,20178,CHIRIGUANA,CESAR,A,OFICIAL,MAÑANA,11,"44,55","43,27","43,45","41,55","45,09","43,64","43,55","8,73","5,41","8,72","7,59","3,94","6,87","7,51",20152
032102,INST. EDU. CAMILO TORRES,20228,CURUMANI,CESAR,A,OFICIAL,MAÑANA,81,"47,2","46,53","47,62","48,57","45,52","47,65",47,"7,8","9,2","9,32","7,73","6,15","10,1","9,12",20152
044156,INST. EDU. CAMILO TORRES,20228,CURUMANI,CESAR,A,OFICIAL,TARDE,24,"46,79","46,63","46,46","47,08","44,33","47,08","47,08","5,75","8,42","7,59","5,42","5,63","9,35","6,59",20152
050468,INST. EDU. AGUSTÖN RANGEL,20228,CURUMANI,CESAR,A,OFICIAL,MAÑANA,25,"46,4","46,4","45,32","45,44","42,44","46,6","46,48","9,39","9,29","9,45","7,02","6,01","8,56","9,48",20152
071647,I.E. CRISTIAN MORENO PALLARES - SEDE PRINCIÁL,20228,CURUMANI,CESAR,A,OFICIAL,MAÑANA,19,47,"45,21","47,63","46,95","46,26","46,32","47,79","5,48","7,7","9,51","5,58","6,06","7,87","10,38",20152
120873,INST. EDU. SAN JOSE,20228,CURUMANI,CESAR,A,OFICIAL,TARDE,37,"45,76","43,27","47,43","44,62","44,19","43,3","45,46","6,11","7,89","8,8","6,2","4,86","9,06","8,01",20152
131623,INST. EDU. SAN JOSE,20228,CURUMANI,CESAR,A,OFICIAL,MAÑANA,77,"49,08","45,99","50,82","47,83","45,91","46,91","49,36","6,49","7,25","8,96","8,41","6,47","8,22","7,91",20152
138107,I.E. SAN SEBASTIAN - SEDE PRINCIPAL,20228,CURUMANI,CESAR,A,OFICIAL,MAÑANA,14,"42,29","41,07","39,64","41,14","46,86","42,79","41,57","7,66","6,08","7,51","5,1","4,22","7,75","7,29",20152
144626,INST. EDU. SAN ISIDRO,20228,CURUMANI,CESAR,A,OFICIAL,TARDE,54,"45,46","45,69","44,85","44,28","44,74","46,74","45,09","7,31","8,31","9,43","7,81","5,82","9,92","8,51",20152
193862,ESC. NUEVA CA¿O GRANDE,20228,CURUMANI,CESAR,A,OFICIAL,TARDE,5,"42,6","41,2","40,6","39,8","43,2","42,4","43,6","7,5","7,33","8,2","8,56","7,26","4,45","8,62",20152
042432,INST. EDU. AGRICOLA,20238,EL COPEY,CESAR,A,OFICIAL,MAÑANA,59,"44,76","45,64","43,93","48,1","44,73","46,36","44,34","6,46","8,06","6,48","4,96","5,29","8,68","6,03",20152
051680,COLEGIIO MARIA MONTESORI,20238,EL COPEY,CESAR,A,NO OFICIAL,TARDE,12,"52,17","56,42","53,75","55,67","48,58","57,5","53,25","7,85","17,53","8,39","11,5","6,69","18,25","9,55",20152
057257,INST. EDU. AGRICOLA,20238,EL COPEY,CESAR,A,OFICIAL,NOCHE,38,"43,08","39,53","40,11","43,34","42,5","40,18","41,29","5,96","7,9","7,37","6,09","6,48","8,76","6,4",20152
060210,I.E. JOSE A MACKENCIE - SEDE PRINCIPAL,20238,EL COPEY,CESAR,A,OFICIAL,MAÑANA,39,"45,74","47,31","46,56","47,54","46,18","47,18","46,54","5,89","8,25","8,74","8,11","6,48","10,83","7,92",20152
060228,INST. EDUC. DELICIAS/SAN CARLOS,20238,EL COPEY,CESAR,A,OFICIAL,COMPLETA U ORDINARIA,60,"50,57","54,03","53,92","52,58","45,35","55,33","52,48","7,13","9,95","9,09","7,61","6,45","11,42","8,34",20152
086157,INST. EDU. RAFAEL SOTO F.,20238,EL COPEY,CESAR,A,OFICIAL,MAÑANA,15,"42,8","46,07",46,"49,93","43,2","45,2","46,8","6,14","7,69","6,68","4,43","4,46","8,91","6,48",20152
114116,INST. EDU. COLEGIO INTEGRADO MONTELIBANO,20238,EL COPEY,CESAR,A,OFICIAL,MAÑANA,51,"51,35","53,06","53,18","52,59","49,14","53,43","51,37","7,77","10,05","10,08","7,97","6,16","10,29","10,11",20152
159509,INST. EDU. COLEGIO INTEGRADO MONTELIBANO,20238,EL COPEY,CESAR,A,OFICIAL,TARDE,46,"43,28","45,96","42,2","44,74","44,96","47,22","42,15","6,61","8,51","7,95","4,75","5,2","9,61","7,7",20152
197194,C.E. EL REPOSO - SEDE PRINCIPAL,20238,EL COPEY,CESAR,A,OFICIAL,MAÑANA,9,"39,67","42,67","39,56","43,44","45,33","44,33","40,67","11,18","13,41","11,61","6,19","5,7","13,91","10,48",20152
047449,INST. EDU. NZADO. EL PASO,20250,EL PASO,CESAR,A,OFICIAL,MAÑANA,54,"43,61","45,83","42,89","43,94","44,09","46,54","42,37","7,88","8,14","10,39","7,62","4,83","9,51","9,77",20152
057323,INST. EDU. BENITO RAMOS TRESPALACIOS,20250,EL PASO,CESAR,A,OFICIAL,MAÑANA,160,"46,16","45,11","47,91","46,58","46,66","46,49","46,79","7,42","9,31","10,22","7,88","7,09","10,11","9,68",20152
071696,I.E. OCTAVIO MENDOZA DURAN - SEDE PRINCIPAL,20250,EL PASO,CESAR,A,OFICIAL,MAÑANA,44,"45,93","45,55","47,16","47,23","47,41","45,8","46,3","8,45","10,28","9,33","6,71","7,04","12,15","9,46",20152
165712,I. E. EL CARMEN - SEDE PRINCIPAL,20250,EL PASO,CESAR,A,OFICIAL,MAÑANA,12,"43,67","44,17","39,08","42,42","42,17","45,58","39,42","5,68","6,62","3,58","5,74","3,97","6,73","3,82",20152
167577,I. E. POTRERILLO - SEDE PRINCIPAL,20250,EL PASO,CESAR,A,OFICIAL,MAÑANA,13,"40,46","39,15","38,15","40,62","44,62","39,31","39,15","8,83","6,64","8,72","5,35","5,14","9,97","8,07",20152
182071,I.E. VALENTIN MANJARREZ,20250,EL PASO,CESAR,A,OFICIAL,MAÑANA,44,"44,93","41,41","43,36","44,18","45,52","41,59","43,11","6,41","6,83","7,28","6,31","5,04","7,61","7,12",20152
007807,I.E. RAFAEL SALAZAR - SEDE PRINCIPAL,20295,GAMARRA,CESAR,A,OFICIAL,MAÑANA,59,"45,63","46,76","46,07","46,92","45,83","48,03","45,54","7,01","9,31","10,03","7,8","5,52","10,79","8,67",20152
035220,INST. EDU. PROMOCIÀN SOCIAL,20295,GAMARRA,CESAR,A,OFICIAL,MAÑANA,35,"42,97","43,46","42,83","44,83","45,54","44,14","42,6","6,16","8,91","7,39","6,61","5,71","9,28","7,4",20152
146167,I.E. SAGRADO CORAZON DE JESUS - SEDE PRINCIPAL,20295,GAMARRA,CESAR,A,OFICIAL,MAÑANA,12,"40,5","39,92","39,17","43,25","42,75","40,5","39,75","5,98","10,25","9,14","6,63","4,2","11,02","8,57",20152
147009,CEN. EDU. SAN FRANCISCO,20295,GAMARRA,CESAR,A,OFICIAL,MAÑANA,10,"41,7","40,7","39,1","40,4","42,6","39,6","37,9","7,69","6,98","9,49","8,09","6,28","8,32","7,55",20152
007815,I.E. JORGE ELIECER GAITAN - SEDE PRINCIPAL,20310,GONZALEZ,CESAR,A,OFICIAL,COMPLETA U ORDINARIA,17,"52,76","51,59","53,41","53,82","50,53","52,18","52,41","7,07","8,57","12,04","7,2","4,93","8,83","10,82",20152
040634,INSTITUCIÀN EDUCATIVA JOSE MEJÖA URIBE,20383,LA GLORIA,CESAR,A,OFICIAL,MAÑANA,38,"47,42","43,03","44,26","44,53","46,42","44,34","44,39","6,46","9,65","11,25","8,2","6,17","12,66","9,94",20152
069039,I.E. SAN JUAN BAUTISTA - SEDE PRINCIPAL,20383,LA GLORIA,CESAR,A,OFICIAL,MAÑANA,18,"47,61","47,56","49,83","46,78","45,72","48,17","47,78","6,49","7,63","13,65","7,44","7,42","7,9","10,13",20152
071639,INSTITUCIÀN EDUCATIVA AYACUCHO,20383,LA GLORIA,CESAR,A,OFICIAL,MAÑANA,25,"46,2","47,36","47,08","48,08","45,8","47,76","45,72","7,63","8,43","9,92","7,15","7,06","9,3","9,61",20152
071662,INST. EDU. INTEGRADO,20383,LA GLORIA,CESAR,A,OFICIAL,NOCHE,12,"39,5","39,33","38,75",42,"41,67","40,5","40,67","7,34","7,96","6,34","5,41","6,49","9,62","5,82",20152
129122,I.E. NUESTRA SEÑORA DEL CARMEN - SEDE PRINCIPAL,20383,LA GLORIA,CESAR,A,OFICIAL,MAÑANA,28,"46,57","47,29","49,39","48,71","46,43","48,18","48,46","7,89","7,9","8,25","6,43","7,64","9,06","8,23",20152
131912,INST. EDU. INTEGRADO,20383,LA GLORIA,CESAR,A,OFICIAL,MAÑANA,33,"46,94","44,97","45,48","46,64","46,76","46,15","45,73","7,15","10,64","11,6","8,24","5,78","13,06","9,75",20152
044487,INST. EDU. JOSE GUILLERMO CASTRO CASTRO,20400,LA JAGUA DE IBIRICO,CESAR,A,OFICIAL,MAÑANA,118,"48,97","50,75","50,52","49,27","48,86","51,8","49,74","8,42",11,"10,11",9,"8,01","12,43","8,89",20152
064485,I.E. LA PALMITA - SEDE PRINCIPAL,20400,LA JAGUA DE IBIRICO,CESAR,A,OFICIAL,MAÑANA,25,"45,4","44,6",44,"45,92","47,68","44,64","43,76","6,49","7,26","8,14","6,33","6,94","9,9","6,83",20152
077131,INST. EDU. AGROPECUARIO (LA VICTORIA DE SAN ISIDRO),20400,LA JAGUA DE IBIRICO,CESAR,A,OFICIAL,MAÑANA,31,"48,58","47,16","47,68","47,42","44,97","48,29","46,39","8,88","7,94","11,31","9,1","6,54","10,06","10,13",20152
099820,INST. EDU. JOSE GUILLERMO CASTRO CASTRO,20400,LA JAGUA DE IBIRICO,CESAR,A,OFICIAL,TARDE,98,"47,7","46,37","47,94","47,11","45,67","46,87","47,13","7,21","8,78","8,91","7,68","6,26","10,2","7,66",20152
099838,INST. EDU. JOSE GUILLERMO CASTRO CASTRO,20400,LA JAGUA DE IBIRICO,CESAR,A,OFICIAL,NOCHE,107,"42,74","40,93","39,8","41,3","44,05","40,29","40,21","7,28","8,57","9,19","6,45","7,33","10,45","8,54",20152
148353,INST. EDU. LUIS CARLOS GAL¿N,20400,LA JAGUA DE IBIRICO,CESAR,A,OFICIAL,MAÑANA,86,"45,98","44,83","45,81","46,42","45,56","45,76","46,17","8,31","9,4","10,55","7,87","6,12","10,66","9,44",20152
007823,INST. EDU. CIRO PUPO MARTINÝZ,20621,LA PAZ (ROBLES),CESAR,A,OFICIAL,MAÑANA,45,"47,98","44,6","44,51",47,"45,6","45,76","45,31","7,55","9,42","10,59","6,72","6,59","10,93","9,68",20152
054544,I.E.T. AGRP SAN JOSE DE ORIENTE - SEDE PRINCIPAL,20621,LA PAZ (ROBLES),CESAR,A,OFICIAL,MAÑANA,29,"48,66","44,93","51,48","47,21","44,17","46,14","49,76","6,5","7,79","7,88","6,72","5,08","9,11","7,37",20152
081620,INS. EDU. SAN FRANCISCO DE ASIS,20621,LA PAZ (ROBLES),CESAR,A,NO OFICIAL,TARDE,13,"46,62","48,92",42,"46,31","46,69","49,31","43,15","6,42","9,71","8,16","8,79","4,4","11,21","7,9",20152
091660,INST. EDU. SAN JOSE,20621,LA PAZ (ROBLES),CESAR,A,OFICIAL,MAÑANA,43,"48,95","49,79","49,58","49,23","48,44","50,86","49,19","8,01","9,1","9,7","8,64","6,55","11,69","9,54",20152
121723,GIMNASIO DE LA PAZ,20621,LA PAZ (ROBLES),CESAR,A,NO OFICIAL,MAÑANA,14,"47,43","45,36","47,79","46,29","49,57","44,21","47,57","11,02","8,4","9,18","9,47","6,02","9,93","8,1",20152
156851,INST. EDU. SAN JOSE,20621,LA PAZ (ROBLES),CESAR,A,OFICIAL,TARDE,54,"44,7","44,52","41,91","44,22","43,83","45,26","42,65","7,34","10,98","9,84","7,73","5,51","11,77","8,58",20152
007849,INST. EDU. NORMAL SUPERIOR MARIA INMACULADA,20443,MANAURE BALCON DEL CESAR,CESAR,A,OFICIAL,COMPLETA U ORDINARIA,96,"46,63","48,54","46,44","48,66","48,53","49,46","46,34","8,2","9,62","9,75","6,84","6,83","10,67","9,14",20152
044230,INST. EDU. CONCENTRACIÀN DE DESARROLLO RURAL,20443,MANAURE BALCON DEL CESAR,CESAR,A,OFICIAL,MAÑANA,30,"48,43","51,8","48,53","48,93","47,1","52,97","49,13","8,39","12,66","8,75","6,78","6,74","13,29","8,44",20152
188607,I. E. SAN ANTONIO - SEDE PRINCIPAL,20443,MANAURE BALCON DEL CESAR,CESAR,A,OFICIAL,MAÑANA,4,"46,25",44,"39,75","45,25","43,25","43,5",42,"3,77","5,66","4,92","6,99","2,5","7,33","3,16",20152
040642,I.E. AGROPECUARIO ROSA JAIMES BARRERA - SEDE PRINCIPAL,20517,PAILITAS,CESAR,A,OFICIAL,MAÑANA,75,"45,83","45,79","45,57","47,11","44,6","46,11","45,76","6,63","8,56","7,72","6,55","6,38","10,93","6,83",20152
078519,INST. EDU. NUESTRA SE¥ORA DEL CARMEN,20517,PAILITAS,CESAR,A,OFICIAL,MAÑANA,95,"46,82","47,92","47,75","49,2","47,38","48,51","47,07","6,97","8,56","9,66","8,15","7,04","10,04","8,94",20152
190546,C.E. RAYA GRANDE - SEDE PRINCIPAL,20517,PAILITAS,CESAR,A,OFICIAL,MAÑANA,2,38,"39,5","36,5",43,"41,5","40,5","37,5",0,"2,12","9,19","2,83","6,36","2,12","3,54",20152
044248,FUNDACION JARDIN INFANTIL,20550,PELAYA,CESAR,A,OFICIAL,MAÑANA,60,"47,95","49,38","48,03","50,65","47,08","50,47","48,02","7,04","8,26","8,22","6,97","7,09","10,19","8,26",20152
060186,I.E. INTEGRADO - SEDE PRINCIPAL,20550,PELAYA,CESAR,A,OFICIAL,MAÑANA,107,"46,34","43,68","45,93","44,5","45,64","44,39","45,43","7,1","7,74","8,56","6,92","5,33","9,11","7,67",20152
060202,I.E. INTEGRADO - SEDE PRINCIPAL,20550,PELAYA,CESAR,A,OFICIAL,NOCHE,34,"42,94","40,71","41,03","40,53","43,35","40,41","41,71","5,48","6,27","9,26","6,97","5,82","8,03","8,18",20152
081687,I.E. ERNESTINA CASTRO DE AGUILAR - SEDE PRINCIPAL,20550,PELAYA,CESAR,A,OFICIAL,MAÑANA,26,"45,46","46,69","44,31","44,85","46,04","46,58","45,08","6,36","8,33","8,97","7,85","6,98","8,94","7,99",20152
120832,I.E. FRANCISCO RINALDY MORATO - SEDE PRINCIPAL,20550,PELAYA,CESAR,A,OFICIAL,MAÑANA,19,"42,74","44,58",44,"46,63","45,05","45,16","42,68","5,14","8,31","8,45","3,9","5,4","9,88","7,12",20152
044115,CENTRO INDIGENA DE EDUCACION DIVERSIFICADA,20570,PUEBLO BELLO,CESAR,A,OFICIAL,COMPLETA U ORDINARIA,11,"42,27","40,91","44,91","42,73","42,64","39,91","42,45","6,33","9,05","8,15","6,56","4,03","10,18","7,66",20152
047423,INST. EDU. INSTITUTO AGRICOLA,20570,PUEBLO BELLO,CESAR,A,OFICIAL,COMPLETA U ORDINARIA,31,48,"47,45","47,71","48,42","45,87","48,74","46,68","5,26","7,62","6,21","5,92","4,72","9,63","5,78",20152
096826,INST. EDU. TÝCNICO MAGOLA HERNANDÝZ PARDO,20570,PUEBLO BELLO,CESAR,A,OFICIAL,TARDE,43,"50,65","50,84","48,72","48,35","45,86","52,56","47,93","6,7","10,24","10,39","6,98","6,59","11,71","10,25",20152
176263,C.E MINA DE IRACAL - SEDE PRINCIPAL,20570,PUEBLO BELLO,CESAR,A,OFICIAL,MAÑANA,24,"41,58","43,29","43,5","43,71","42,79","43,5","42,25","6,29","9,9","9,07","6,27","5,08","10,91",9,20152
183418,ESCUELA NUEVA JULIO CESAR FLOREZ,20570,PUEBLO BELLO,CESAR,A,OFICIAL,MAÑANA,18,"38,72","42,06","40,67","42,06","43,28","43,06","39,78","6,1","7,89","8,75","6,07","4,66","9,59","6,75",20152
007856,INST. EDU. ALFONSO LOPEZ,20614,RIO DE ORO,CESAR,A,OFICIAL,COMPLETA U ORDINARIA,28,"47,07","48,57","48,29","47,29","48,86","49,89","47,75","8,48","13,7","10,35",9,"9,15","14,8","9,5",20152
007864,INST. EDU.  NORMAL SUPERIOR,20614,RIO DE ORO,CESAR,A,OFICIAL,COMPLETA U ORDINARIA,53,"49,09","51,34","50,25","51,19","47,85","53,06","50,91","6,96","10,99","8,96","9,79","7,01","12,48","9,47",20152
127787,I.E. LOS ANGELES,20614,RIO DE ORO,CESAR,A,OFICIAL,MAÑANA,18,"48,33","44,28","48,33","47,72","45,33","42,72","47,78","5,67","7,98","7,62","7,46","6,48","9,47","7,02",20152
171280,I. E. EL CAMPAMENTO - SEDE PRINCIPAL,20614,RIO DE ORO,CESAR,A,OFICIAL,MAÑANA,8,"48,75","48,63","46,5","49,13","48,38","49,13","46,75","7,21","14,18","10,76","8,37","6,74","14,77","10,46",20152
029272,INST. EDU. SAN ALBERTO MAGNO,20710,SAN ALBERTO,CESAR,A,OFICIAL,MAÑANA,47,"51,47","55,09","51,87","52,43","49,77","56,98","50,77","7,66","9,66","7,63","8,55","8,07","10,76","8,11",20152
061846,INST. EDU. SAN ALBERTO MAGNO,20710,SAN ALBERTO,CESAR,A,OFICIAL,TARDE,37,"55,92","59,97","53,32","54,35","55,65","61,84","52,95","9,17","10,76","10,17","9,67","9,47","12,63","9,48",20152
081588,INST. EDU. ANDRES BELLO,20710,SAN ALBERTO,CESAR,A,OFICIAL,MAÑANA,45,"49,02","51,38","50,53","50,69","46,29","52,04","50,11","6,49","9,5","9,7","6,42","7,25","11,01","9,28",20152
111104,COL. INDUPALMA,20710,SAN ALBERTO,CESAR,A,NO OFICIAL,NOCHE,15,"46,67","44,6","46,4","47,13","43,8","45,8","47,33","5,35","8,81","7,5","6,23","6,84","8,81","6,31",20152
150698,I.E. FUNDACIÓN - SEDE PRINCIPAL,20710,SAN ALBERTO,CESAR,A,OFICIAL,MAÑANA,14,"47,71","46,57","48,07","47,64","43,86","47,29","49,07","6,54","6,19","9,3","5,37","5,32","6,43",10,20152
170845,INST. EDU. ANDRES BELLO,20710,SAN ALBERTO,CESAR,A,OFICIAL,TARDE,39,"48,33","51,26","49,85","51,46","47,46","52,51","48,85","8,75","7,86","8,92","7,03","4,65","9,87","7,71",20152
171322,C. E. LA LLANA - SEDE PRINCIPAL,20710,SAN ALBERTO,CESAR,A,OFICIAL,MAÑANA,1,40,46,36,51,54,49,39,0,0,0,0,0,0,0,20152
172502,INST. EDU. ANDRES BELLO,20710,SAN ALBERTO,CESAR,A,OFICIAL,NOCHE,20,"45,55","44,55","45,5","46,05","43,55","45,7","45,35","9,54","10,97","10,18","8,34","5,86","11,58","8,49",20152
035196,INST. EDU. MANUEL RODRIGEZ TORICES,20750,SAN DIEGO,CESAR,A,OFICIAL,MAÑANA,83,"46,9","47,23","47,87","47,84","46,51","48,82","47,48","8,61","9,35","10,96","10,04","8,11","11,34","10,43",20152
040659,I.E. RAFAEL URIBE URIBE - SEDE PRINCIPAL,20750,SAN DIEGO,CESAR,A,OFICIAL,MAÑANA,70,"46,5","44,97","46,7","47,37","47,14","46,31","46,69","6,7","8,84","8,98","8,74","6,01","10,23","8,6",20152
057372,INST. EDU. MANUEL RODRIGEZ TORICES,20750,SAN DIEGO,CESAR,A,OFICIAL,NOCHE,27,"41,33","38,74","39,04","41,44","44,85","39,33","40,44","6,78","7,85","9,71","7,68","4,61","10,02","8,73",20152
151258,CEN. EDU. NUEVAS FLORES,20750,SAN DIEGO,CESAR,A,OFICIAL,MAÑANA,10,"42,2","41,8","42,1","43,4","44,2","42,8","43,1","7,08","6,37","12,13","8,66","5,92","8,39","9,98",20152
190728,I.E. RAFAEL URIBE URIBE - SEDE PRINCIPAL,20750,SAN DIEGO,CESAR,A,OFICIAL,NOCHE,18,"42,39","36,94","40,78","39,61","43,28","36,28","40,83","4,74","8,14","7,12","4,72","6,33","9,38","7,75",20152
042440,INSTITUCION EDUCATIVA SAN MARTIN DE TOURS,20770,SAN MARTIN,CESAR,A,OFICIAL,MAÑANA,28,"49,07","51,96","52,25","51,93","48,21","53,39","51,57","6,59","7,45","7,41","8,06","10,09","8,86","7,15",20152
105163,INST. EDU. LA CURVA,20770,SAN MARTIN,CESAR,A,OFICIAL,TARDE,25,"50,8","48,32","49,6","49,36","49,72","48,96","48,84","6,65","9,99","8,08","6,32","7,44","11,68","7,61",20152
141192,INST. EDU. SOR MATILDE SASTOQUE,20770,SAN MARTIN,CESAR,A,OFICIAL,MAÑANA,73,"50,25","50,05","51,08","51,01","51,49","50,29","51,6","8,2","9,4","9,58","8,22","9,63","10,13","9,49",20152
172213,I.E. MINAS - SEDE PRINCIPAL,20770,SAN MARTIN,CESAR,A,OFICIAL,TARDE,8,"44,38","43,25","43,75","48,38","44,63",47,44,"6,21","7,38","6,65","3,2","6,07","7,8","5,4",20152
174243,I.E. TERRAPLEN,20770,SAN MARTIN,CESAR,A,OFICIAL,MAÑANA,13,"43,62","38,54","42,46","43,92","43,31","39,85","43,46","5,75","12,2","6,96","5,24","5,31","11,24","6,78",20152
032789,INST. EDU. AGROPECUARIO,20787,TAMALAMEQUE,CESAR,A,OFICIAL,COMPLETA U ORDINARIA,58,"44,6","41,93","42,21","42,24","43,83","42,34","42,41","6,92","9,46","8,81","6,85","5,8","10,36","8,38",20152
051706,I.E. ANIBAL MARTINEZ ZULETA,20787,TAMALAMEQUE,CESAR,A,OFICIAL,MAÑANA,29,"43,03","42,55",44,"45,28",45,"43,28","43,28","6,79","9,79","9,18","9,2","5,87","11,53","8,02",20152
073742,INST. EDU. ERNESTINA PANTOJA,20787,TAMALAMEQUE,CESAR,A,OFICIAL,MAÑANA,30,"45,03","43,17","43,2","43,77","46,8","42,73","41,7","6,28","10,7","8,63","7,72","6,27","11,81","8,09",20152
078295,I.E. ARSENIO GUTIERREZ BARBOSA - SEDE PRINCIPAL,20787,TAMALAMEQUE,CESAR,A,OFICIAL,MAÑANA,23,"47,7","49,17","47,09","45,87","43,48","50,39","46,04","8,26","11,35","9,39","9,55","4,9","12,41","9,25",20152
152710,I. E. PASA CORRIENDO - SEDE PRINCIPAL,20787,TAMALAMEQUE,CESAR,A,OFICIAL,MAÑANA,24,"42,04","40,75","43,79","43,75","43,25","42,25","44,33","6,37","9,47","8,35","6,29","5,35","11,17","8,22",20152
186544,I. E. PUERTO BOCAS - SEDE PRINCIPAL,20787,TAMALAMEQUE,CESAR,A,OFICIAL,MAÑANA,14,"40,93","36,36","39,5",40,"40,64",37,"38,29","6,32","6,13","6,6","5,35","4,78","8,07","5,61",20152
007575,COL. SAGRADA FAMILIA,20001,VALLEDUPAR,CESAR,A,NO OFICIAL,COMPLETA U ORDINARIA,59,"58,63","68,66","59,78","61,9","64,81","69,29","57,75","7,91","13,03","8,4","10,01","11,54","14,24","7,73",20152
007583,INSTITUTO TECNICO COMERCIAL JOSE EUGENIO MARTINEZ,20001,VALLEDUPAR,CESAR,A,OFICIAL,MAÑANA,111,"48,53","47,31","47,59","48,08","46,09","47,86","47,57","7,48","9,15","8,78","8,22","6,38","10,07","8,62",20152
007591,IE  LOPERENA,20001,VALLEDUPAR,CESAR,A,OFICIAL,MAÑANA,101,"56,13","57,5","55,37","55,71","55,96","58,43","54,06","8,36","12,33","9,1","9,03","11,5","13,31","8,01",20152
007609,IE  LOPERENA,20001,VALLEDUPAR,CESAR,A,OFICIAL,TARDE,86,"58,41","58,48",59,"60,55","58,22","60,21","57,74","7,75","9,41","9,69","9,88","11,88","11,03","8,44",20152
007625,PRUDENCIA DAZA,20001,VALLEDUPAR,CESAR,A,OFICIAL,MAÑANA,92,"53,02","51,12","52,73","51,84","50,48","52,7","52,25",8,"9,42","8,93","8,11","8,32","10,7","8,04",20152
007633,PRUDENCIA DAZA,20001,VALLEDUPAR,CESAR,A,OFICIAL,TARDE,66,"49,2","49,77","50,29","49,86","48,18","50,88","48,89","7,31","9,15","9,14","7,87","6,48","9,8","8,36",20152
007641,COL. SANTA FE,20001,VALLEDUPAR,CESAR,A,NO OFICIAL,COMPLETA U ORDINARIA,96,"61,44","67,82","62,72","64,52","72,31","68,65","59,44","8,82","12,64","10,41","11,36","14,18","14,93","8,53",20152
007666,INSTITUTO TECNICO PEDRO CASTRO MONSALVO,20001,VALLEDUPAR,CESAR,A,OFICIAL,MAÑANA,155,"52,42","51,96","51,25","53,39","50,47","53,01","50,7","8,3","9,51","9,91","8,46","8,77","11,02","8,5",20152
007674,INSTITUTO TECNICO PEDRO CASTRO MONSALVO,20001,VALLEDUPAR,CESAR,A,OFICIAL,TARDE,116,51,"51,11","51,31","52,28","49,48","52,59","50,46","8,03","10,41","10,02","8,9","8,03","12,04","8,66",20152
033019,INSTITUTO TECNICO COMERCIAL JOSE EUGENIO MARTINEZ,20001,VALLEDUPAR,CESAR,A,OFICIAL,TARDE,83,"47,54","47,73","47,2","47,51","46,33","48,34","46,31","8,92","9,47","10,14","7,83","6,85","10,19","8,81",20152
033670,COL DE EDUC  MEDIA DE AGUAS BLANCAS,20001,VALLEDUPAR,CESAR,A,OFICIAL,MAÑANA,32,"45,66","46,44","46,28","45,81","46,19","47,53","46,13","6,96","9,26","8,37","6,35","5,65","9,21","8,51",20152
035204,COL. PARROQUIAL EL CARMELO,20001,VALLEDUPAR,CESAR,A,NO OFICIAL,COMPLETA U ORDINARIA,27,57,"63,15","61,67","60,67","63,63","63,04","58,26","10,44","13,33","8,95","10,3","17,19","14,61","7,83",20152
035212,LICEO SAN ISIDRO LABRADOR,20001,VALLEDUPAR,CESAR,A,OFICIAL,MAÑANA,63,"43,32","44,32","43,97","45,48","43,89","44,46","43,56","6,82",9,"9,15","7,82","4,59","10,97","9,17",20152
035238,I.E. NUESTRA SEÑORA DE FATIMA - SEDE PRINCIPAL,20001,VALLEDUPAR,CESAR,A,OFICIAL,MAÑANA,43,"54,63","57,4","56,19","57,09","63,58","59,67","54,35","8,7","9,73","8,15","9,89","11,92","11,04","6,34",20152
040568,INSTITUCION  LUIS RODRIGUEZ VALERA,20001,VALLEDUPAR,CESAR,A,OFICIAL,MAÑANA,33,"48,76","47,42","49,97","47,18","46,15","47,79","48,55","6,75","5,79","10,19","5,76","5,3","6,37","8,91",20152
042390,LICEO DEL CARIBE,20001,VALLEDUPAR,CESAR,A,NO OFICIAL,MAÑANA,28,"44,25","44,07","43,29","44,68","44,82","44,86","44,36","8,82","7,02","8,8","6,46","4,94","7,61","7,89",20152
042416,CEN EDUC COMUNAL FRANCISCO DE PAULA SANTANDER,20001,VALLEDUPAR,CESAR,A,NO OFICIAL,MAÑANA,29,"43,41","41,21","42,83","43,28","46,59","41,03","43,21","8,11","7,95",9,"7,04","8,75","9,43","8,52",20152
042424,INST. COL. EDUC. MEDIA DE PATILLAL,20001,VALLEDUPAR,CESAR,A,OFICIAL,MAÑANA,36,"49,11","49,72","50,06","50,64","50,56","50,44","49,5","5,37","9,1","6,81","8,75","9,35","9,35","6,94",20152
044107,CEN EDUC SANTA TERESITA,20001,VALLEDUPAR,CESAR,A,NO OFICIAL,COMPLETA U ORDINARIA,40,"47,78","47,1","47,45",48,"50,98","47,55","47,08","7,24","7,2","9,98","7,9","8,79","8,89","9,06",20152
044123,JOSE CELESTINO MUTIS,20001,VALLEDUPAR,CESAR,A,OFICIAL,MAÑANA,45,"45,69","45,47","45,78","45,62","44,18","45,18","44,91","4,92","8,32","7,81","7,88","6,15","9,11","6,93",20152
044131,TECNICO UPAR,20001,VALLEDUPAR,CESAR,A,OFICIAL,MAÑANA,68,"46,32","46,29","45,51","48,16","46,26","47,37","45,76","6,61","7,89","8,32","5,86","5,89","9,56","7,56",20152
044149,TECNICO UPAR,20001,VALLEDUPAR,CESAR,A,OFICIAL,TARDE,58,"48,67",48,"47,72","48,48","46,79","48,57","47,88","7,99","9,34","8,16","8,22","5,98","10,28","8,19",20152
044172,COL. GIMNASIO DEL NORTE,20001,VALLEDUPAR,CESAR,A,NO OFICIAL,COMPLETA U ORDINARIA,114,"61,52","64,17","63,05","65,66","72,31","66,9","60,29","9,69","13,68","10,89","13,48","16,48","14,84","9,02",20152
047407,RODOLFO CASTRO CASTRO,20001,VALLEDUPAR,CESAR,A,OFICIAL,MAÑANA,37,"44,14","45,49","42,32","45,76","44,65","45,89","43,7","6,29","9,61","8,61","6,99","4,41","10,49","8,64",20152
049593,LICEO GABRIEL GARCIA MARQUEZ,20001,VALLEDUPAR,CESAR,A,NO OFICIAL,MAÑANA,17,"45,24","43,76","44,18","47,65","45,29","44,59","44,88","9,81","9,04","9,94","7,14","6,15","9,36","9,53",20152
051623,INST.EDUCATIVA  RAFAEL VALLE MEZA,20001,VALLEDUPAR,CESAR,A,OFICIAL,MAÑANA,106,"47,9","48,49","47,41","48,08","47,1","48,81","47,94","7,56","8,33","8,63","6,54","7,54","8,93","7,87",20152
051631,INST.EDUCATIVA  RAFAEL VALLE MEZA,20001,VALLEDUPAR,CESAR,A,OFICIAL,TARDE,70,"47,76","47,43","47,46","48,7","47,19","47,63","47,27","6,79","7,6","9,43","7,47","6,68","8,94","8,33",20152
057265,INST AGRIC LA MINA,20001,VALLEDUPAR,CESAR,A,OFICIAL,MAÑANA,28,"43,89","41,54","44,96","42,21","45,21","42,39","44,36","7,8","8,66","10,34","6,51","4,63","10,37","8,85",20152
057315,COLEGIO OCTAVIO DAZA DAZA,20001,VALLEDUPAR,CESAR,A,NO OFICIAL,TARDE,15,"53,13","49,73","53,07","50,13","53,07","52,47","51,6","8,09","6,34","9,07","6,7","11,41","7,02","8,48",20152
057331,MANUEL GERMAN CUELLO,20001,VALLEDUPAR,CESAR,A,OFICIAL,MAÑANA,88,"49,22","48,52","49,7","50,07","46,49","49,27","49,57","6,45","8,77","9,31","7,29","5,99","9,75","8,94",20152
057349,INSTITUTO RAFAEL NU¿EZ,20001,VALLEDUPAR,CESAR,A,NO OFICIAL,NOCHE,64,"45,81","43,13","42,88","42,53","46,41","43,25","43,38","7,97","9,15","10,11","9,34","7,16","10,89","8,97",20152
060145,COLEGIO LOPERENA GARUPAL,20001,VALLEDUPAR,CESAR,A,OFICIAL,MAÑANA,91,"50,49","49,18","49,93","50,36","49,96","49,22","48,98","7,59","10,13","9,95","9,06","7,31","10,41","8,82",20152
060236,COL. HISPANOAMERICANO,20001,VALLEDUPAR,CESAR,A,NO OFICIAL,MAÑANA,39,"56,31","56,26","55,51",56,"61,18","59,85","54,26","9,62","10,68","8,29","8,7","11,87","13,45","8,04",20152
064345,ALFONSO LOPEZ PUMAREJO,20001,VALLEDUPAR,CESAR,A,OFICIAL,TARDE,108,"50,1","50,95","50,27","52,96","48,94","52,04","49,27","8,05","9,64","10,04","9,41","6,93","11,03","8,65",20152
064352,ALFONSO LOPEZ PUMAREJO,20001,VALLEDUPAR,CESAR,A,OFICIAL,MAÑANA,179,"50,31","50,36","50,8","50,1","49,55","51,13","50,22","9,46","10,1","10,5","9,26","8,36","11,07","9,43",20152
068098,CORP EDUC LICEO MODERNO,20001,VALLEDUPAR,CESAR,A,NO OFICIAL,COMPLETA U ORDINARIA,8,"51,5","49,5","55,25","51,88","56,75","51,25",51,"8,98","12,84","14,86","9,2","13,11","13,16","10,04",20152
068130,LUIS OVIDIO RINCON LOBO,20001,VALLEDUPAR,CESAR,A,OFICIAL,MAÑANA,26,"45,5","46,42","43,88",46,"46,38","47,58","44,54","8,49","12,13","11,2","9,08","5,73","13,25","10,05",20152
068148,VILLA CORELCA,20001,VALLEDUPAR,CESAR,A,OFICIAL,MAÑANA,54,"47,59","47,17","47,3","49,76","46,61","46,93","47,72","8,17","9,57","9,91","8,43","6,39","10,98","9,26",20152
071704,MANUEL GERMAN CUELLO,20001,VALLEDUPAR,CESAR,A,OFICIAL,TARDE,70,"45,01","44,91","42,93","45,06","45,06","45,67","43,64","8,39","8,31","11,08","7,73","6,04","9,66","9,94",20152
071712,COL. PABLO SEXTO,20001,VALLEDUPAR,CESAR,A,NO OFICIAL,COMPLETA U ORDINARIA,79,"51,35","50,92","53,86","52,39","51,77","52,87","53,09","8,18","9,63","9,92","8,25","9,58","9,87","8,86",20152
077057,COL. MARIA MONTESORI,20001,VALLEDUPAR,CESAR,A,NO OFICIAL,COMPLETA U ORDINARIA,14,"57,43","62,21","61,14","59,57","65,21","65,21","59,5","6,03","11,4","6,99","6,31","12,28","14,8","6,45",20152
077081,COLEGIO LOPERENA GARUPAL,20001,VALLEDUPAR,CESAR,A,OFICIAL,TARDE,76,"48,17","48,09","47,49","48,61","46,96","49,03","46,87","6,44","10,77","9,33","7,62","5,56","12,62","8,08",20152
077107,COLEGIO FUNDACION MANUELA BELTRAN,20001,VALLEDUPAR,CESAR,A,NO OFICIAL,MAÑANA,49,"53,1","54,73","54,8","58,02","54,47","56,57","54,37","6,9","8,76","9,6","7,93","10,2","10,48","8,84",20152
081612,I.E. GUATAPURI DE PROMOCIÓN SOCIAL DE GUATAPURÍ - CHEMESQUEMENA - SEDE PRINCIPAL,20001,VALLEDUPAR,CESAR,A,OFICIAL,MAÑANA,12,"43,5","41,92",42,"45,42","45,17","41,25","42,58","7,94","6,61","9,36","6,56","4,49","6,65","9,11",20152
089631,GIMNASIO PANAMERICANO,20001,VALLEDUPAR,CESAR,A,NO OFICIAL,MAÑANA,21,"45,67","43,86","43,81","45,71","44,1",45,"44,43","7,86","10,42","8,07","6,21","6,74","10,39","7,9",20152
091645,MANUEL GERMAN CUELLO,20001,VALLEDUPAR,CESAR,A,OFICIAL,NOCHE,13,"45,69","43,38","46,62","45,92","44,23","45,15","47,54",7,"6,25","7,79","8,96","4,44","7,53","7,47",20152
091686,CASIMIRO RAUL MAESTRE,20001,VALLEDUPAR,CESAR,A,OFICIAL,TARDE,80,"47,9","47,8","48,61","48,95","46,3","49,01","48,71","8,55","10,67","10,52","7,87",6,"12,24","9,39",20152
096842,COL. DOMINGO SAVIO,20001,VALLEDUPAR,CESAR,A,NO OFICIAL,COMPLETA U ORDINARIA,26,"48,46","46,27","46,5","48,08","47,19","46,35","45,58","7,48","9,6","7,5","6,52","6,85","11,17","6,19",20152
096867,IE EDUARDO SUAREZ ORCASITA,20001,VALLEDUPAR,CESAR,A,OFICIAL,MAÑANA,75,"46,88","45,71","46,91","46,21","46,08","46,73","47,37","7,1","8,67","8,96","7,23","5,99","10,85","9,15",20152
096875,INST TEC LA ESPERANZA,20001,VALLEDUPAR,CESAR,A,OFICIAL,MAÑANA,93,"48,31","45,58","47,28","47,09","45,77","46,51","47,4","7,53","9,8","9,14","7,72","5,98","10,76","8,64",20152
099846,LIC. GALOIS,20001,VALLEDUPAR,CESAR,A,NO OFICIAL,MAÑANA,39,"47,59","48,38","47,51","48,03","48,1","49,87","47,51","8,84","9,14","11,23","8,92",8,"10,99","10,61",20152
103119,INSTITUCION EDUCATIVA TECNICO MILCIADES CANTILLO COSTA,20001,VALLEDUPAR,CESAR,A,OFICIAL,MAÑANA,130,"47,57","47,66","49,21","49,26","47,11","48,42","49,08","7,12","8,35","8,76","7,29","6,09","9,21","7,98",20152
107839,CASD SIMON BOLIVAR,20001,VALLEDUPAR,CESAR,A,OFICIAL,TARDE,132,"51,55","52,06","52,33","52,14","52,32","52,23","51,24","8,54","9,46","9,43","8,63","9,99","10,61","8,2",20152
108050,CASD SIMON BOLIVAR,20001,VALLEDUPAR,CESAR,A,OFICIAL,MAÑANA,167,"54,22","55,24","55,62","54,96","55,44","55,95","53,86","8,18","10,7","9,49","8,43","12,55","12,9","8,31",20152
110296,INST. JOSE M. VARGAS VILA,20001,VALLEDUPAR,CESAR,A,NO OFICIAL,TARDE,6,"44,67","46,83","45,17","49,5","48,17","46,67","46,83","9,95","9,02","8,75","8,14","5,08","11,45","8,66",20152
110668,COLEGIO NICANOR MONTERO,20001,VALLEDUPAR,CESAR,A,NO OFICIAL,SABATINA - DOMINICAL,35,"38,71","37,23","38,06","39,74","44,51","35,97","38,26","6,15","7,63","8,87","5,97","4,57","8,78","7,48",20152
114090,IE LEONIDAS ACUÑA,20001,VALLEDUPAR,CESAR,A,OFICIAL,TARDE,109,"47,83","47,17","47,5","48,18","48,12","47,53","47,57","7,41","8,04","8,33","6,94","8,27","10,25","8,02",20152
116228,IE ANTONIO ENRIQUE DIAZ MARTINEZ,20001,VALLEDUPAR,CESAR,A,OFICIAL,MAÑANA,21,"39,33","41,1","41,33","42,24","44,62","42,62","42,43","13,39","10,83","7,9","7,33","6,87","12,43","7,04",20152
118604,COL. SAN FERNANDO,20001,VALLEDUPAR,CESAR,A,NO OFICIAL,MAÑANA,12,"59,42","65,75","56,33","64,33","63,67",67,"53,5","7,57","10,35","12,09","8,47","10,03","12,22","10,25",20152
120857,SAN JOAQUIN,20001,VALLEDUPAR,CESAR,A,OFICIAL,TARDE,40,"47,9","45,3","46,45","47,43","43,48","45,05","46,6","6,45","7,36","9,32","7,98","5,43","8,3","9,29",20152
120865,GIMSABER - SEDE PRINCIPAL,20001,VALLEDUPAR,CESAR,A,NO OFICIAL,COMPLETA U ORDINARIA,87,"58,16","62,3","58,71","60,75","66,84","63,83","57,53","8,75","13,18","9,6","10,9","13,04","14,4","7,89",20152
122549,COLEGIO COMFACESAR,20001,VALLEDUPAR,CESAR,A,NO OFICIAL,COMPLETA U ORDINARIA,112,"51,75","52,42","51,12","51,99","54,37","53,71","51,61","8,31","9,95","10,27","8,53","10,77","11,87","9,03",20152
123398,FRANCISCO MOLINA SANCHEZ,20001,VALLEDUPAR,CESAR,A,OFICIAL,TARDE,110,"45,39","44,2","43,14","45,61","44,81","44,65","43,17","6,97","8,39","9,14","6,85","5,95","9,73","8,74",20152
124172,COLEGIO EVANGELICO EBENEZER,20001,VALLEDUPAR,CESAR,A,NO OFICIAL,TARDE,27,"53,37","48,7","52,07","52,52","56,96","50,19","52,7","9,59","9,86","9,18","9,87","14,53","9,58","9,75",20152
126052,INSTITUCION EDUCATIVA ENRIQUE PUPO MARTINEZ,20001,VALLEDUPAR,CESAR,A,OFICIAL,MAÑANA,82,"48,57","46,98","48,28","48,76","46,18","46,94","47,85","8,74","9,39","10,91","7,89","6,76","10,1","9,63",20152
126805,INST. DAGOBERTO ALVAREZ ROJAS,20001,VALLEDUPAR,CESAR,A,NO OFICIAL,SABATINA - DOMINICAL,16,"45,94","41,81","42,56","44,13","44,69","42,19","43,5","6,6","8,44","9,87","7,19","5,58","9,67","9,24",20152
127704,IE CONSUELO ARAUJO NOGUERA,20001,VALLEDUPAR,CESAR,A,OFICIAL,MAÑANA,100,"47,58","47,23","46,62","46,93","44,77","47,52","46,53","7,55","7,8","8,75","7,55","6,15","10,47","8,54",20152
133041,BELLO HORIZONTE,20001,VALLEDUPAR,CESAR,A,OFICIAL,MAÑANA,64,"47,14","46,39","46,14","46,53","46,08","47,25","46,48","6,56","8,68","8,54","7,2","5,94","10,02","8,28",20152
133074,INSTITUTO OSVALDO VERGARA FERNANDEZ,20001,VALLEDUPAR,CESAR,A,NO OFICIAL,MAÑANA,11,"47,18","48,36","46,09","48,82","47,91","52,09","46,91","5,46","8,05","6,85","4,81","7,6","7,03","7,57",20152
134288,INSTITUCION EDUCATIVA JOAQUIN OCHOA MAESTRE,20001,VALLEDUPAR,CESAR,A,OFICIAL,MAÑANA,87,"48,39","46,82","45,7","46,37",46,"46,94","46,29","6,44","7,43","8,66","7,29","6,12","8,96","7,6",20152
139030,COLEGIO TECNICO DEL CARIBE,20001,VALLEDUPAR,CESAR,A,NO OFICIAL,SABATINA - DOMINICAL,27,"44,41","41,22","43,37","44,93",43,"41,26","44,41","8,04","6,84",11,"5,97","5,31","8,28","10,61",20152
139212,INST TEC LA ESPERANZA,20001,VALLEDUPAR,CESAR,A,OFICIAL,TARDE,66,"47,71","45,23","47,77","47,58","45,12","45,73","48,21","7,89","7,46","8,96","7,21","6,57","8,88","8,01",20152
139220,INST TEC LA ESPERANZA,20001,VALLEDUPAR,CESAR,A,OFICIAL,NOCHE,52,"44,42","40,21","42,42","42,37","45,21","39,54","43,13","7,16","8,4","9,78","7,62","7,42","9,57","8,67",20152
143156,INSTITUCION EDUCATIVA ISAAC NEWTON - SEDE PRINCIPAL,20001,VALLEDUPAR,CESAR,A,NO OFICIAL,SABATINA - DOMINICAL,14,"43,5","43,93","39,64",40,"42,14","44,29","41,57","13,43","10,7","10,75","11,06","5,49","11,3","10,27",20152
143164,INSTITUCION EDUCATIVA ISAAC NEWTON - SEDE PRINCIPAL,20001,VALLEDUPAR,CESAR,A,NO OFICIAL,MAÑANA,20,"47,3","40,85","43,95","43,15","45,85","39,85","45,15","7,36","7,51","9,39","8,14","7,96","9,02","8,62",20152
144022,INSTITUTO NACIONAL CENTRO DE SISTEMAS - SYSTEM CENTER - SEDE PRINCIPAL,20001,VALLEDUPAR,CESAR,A,NO OFICIAL,SABATINA - DOMINICAL,67,"43,76","39,27","42,31","42,67","43,63","38,97","42,96","7,19","7,67","9,45","5,87","6,69","9,09","8,4",20152
145904,IE EDUARDO SUAREZ ORCASITA,20001,VALLEDUPAR,CESAR,A,OFICIAL,TARDE,25,"45,36","43,72","42,72","44,96","44,2","44,08","43,48","6,89","7,44","9,14","6,83","6,06","9,33","8,03",20152
151092,INSTITUCION  LUIS RODRIGUEZ VALERA,20001,VALLEDUPAR,CESAR,A,OFICIAL,TARDE,26,"41,12","39,42",42,"42,62","43,92","40,15","41,85","5,49","5,69","6,41","7,65","5,33","7,99","5,62",20152
152942,INSTITUCION EDUCATIVA JOAQUIN OCHOA MAESTRE,20001,VALLEDUPAR,CESAR,A,OFICIAL,TARDE,43,"44,74","46,91","44,12","49,37","44,51","45,98","44,67","6,84","7,64","8,39","6,8","4,32","8,45","7,62",20152
155432,I.E. VILLA GERMANIA,20001,VALLEDUPAR,CESAR,A,OFICIAL,MAÑANA,18,"41,5","41,61","41,44","43,78","45,33","41,44","41,56","8,4","10,82","10,34","9,22","5,43","14,94","8,79",20152
158774,ALFONSO ARAUJO COTES,20001,VALLEDUPAR,CESAR,A,OFICIAL,MAÑANA,73,"47,38","44,7","45,15","44,21","44,81","45,77","45,53","7,19","7,96","9,28","6,22","5,79","8,52","8,73",20152
160010,COLEGIO WINDSOR - SEDE PRINCIPAL,20001,VALLEDUPAR,CESAR,A,NO OFICIAL,COMPLETA U ORDINARIA,14,"60,79","64,57","65,07","62,93","80,07","68,21","61,36","8,41","9,71","5,88","9,24","10,43","12,94","4,86",20152
160366,COLEGIO TÉCNICO EMPRESARIAL UPARSISTEM - SEDE PRINCIPAL,20001,VALLEDUPAR,CESAR,A,NO OFICIAL,MAÑANA,77,"43,51","41,19","42,56","42,08","45,7","41,75","43,18","9,44","9,55","9,75","9,32","8,81","10,49","8,49",20152
162743,I.E. VIRGEN DEL CARMEN,20001,VALLEDUPAR,CESAR,A,OFICIAL,MAÑANA,14,"45,29","44,36","44,86","45,71","46,43","45,14","44,14","7,11","8,34","8,65","9,24","8,96","9,82","8,93",20152
170381,COLEGIO TECNICO DEL CARIBE,20001,VALLEDUPAR,CESAR,A,NO OFICIAL,COMPLETA U ORDINARIA,24,"46,04","47,08","44,33","45,92","50,08","47,67","44,71","7,47","7,42","7,49","6,86","9,58","8,64","6,94",20152
171132,I.E. MAYOR DE VALLEDUPAR CÉSAR POMPEYO MENDOZA HINOJOSA - SEDE PRINCIPAL,20001,VALLEDUPAR,CESAR,A,NO OFICIAL,COMPLETA U ORDINARIA,79,"49,15","49,65","47,72","51,48","47,78","50,57","47,47","7,15","9,73","7,53","7,46",7,"10,53","7,12",20152
174375,I.E. RICARDO GONZÁLEZ - SEDE PRINCIPAL,20001,VALLEDUPAR,CESAR,A,NO OFICIAL,COMPLETA U ORDINARIA,96,"46,66","47,53","46,22","47,25","46,86","48,45","46,33","8,06","8,32","8,87","7,32","5,94","9,74","7,91",20152
189381,COL. COLOMBO INGLES,20001,VALLEDUPAR,CESAR,A,NO OFICIAL,MAÑANA,43,"57,81","59,49","58,63","58,58","70,16","61,3","56,86","7,61","12,58","10,05","9,69","12,49","14,2","9,03",20152
191783,COLEGIO UZIEL QUERIT,20001,VALLEDUPAR,CESAR,A,NO OFICIAL,MAÑANA,2,"51,5",47,54,"51,5",51,51,57,"7,78","8,49","11,31","3,54","1,41","5,66","9,9",20152
194985,COL. CALLEJA REAL,20001,VALLEDUPAR,CESAR,A,NO OFICIAL,COMPLETA U ORDINARIA,35,"55,11","53,4","56,11","52,51","59,66","54,17","54,69","8,87","10,28","9,16","8,68","13,02","12,88","8,91",20152